trace_id,clean_pred,delete_pred,noise_pred,stable_delete,stable_noise,stable_both
T_45f8f1d3b4d8,1,1,1,True,True,True
T_987315f46250,1,1,1,True,True,True
T_e21193d96f6f,1,1,1,True,True,True
T_4b1cc2748d83,1,1,1,True,True,True
T_eb61364c0da3,1,1,1,True,True,True
T_1b1827366f4f,1,1,1,True,True,True
T_2c8542d68434,1,1,1,True,True,True
T_a04b09943a26,0,0,0,True,True,True
T_e043db34ce51,0,0,0,True,True,True
T_b087c3762d1d,1,1,1,True,True,True
T_e17c3a88c17f,0,0,0,True,True,True
T_fd8aa528b9a6,0,0,0,True,True,True
T_bae1279079f8,0,0,0,True,True,True
T_51fea6ee9586,0,0,0,True,True,True
T_1687d169c5a0,0,0,0,True,True,True
T_95cc893b6116,0,0,0,True,True,True
T_0e8e40caedad,0,0,0,True,True,True
T_30b332e4ccf7,0,0,0,True,True,True
T_a063523eb885,1,1,1,True,True,True
T_8f9ffcfbe187,0,0,0,True,True,True
T_55efe5598aee,1,1,1,True,True,True
T_30213ff9208d,1,1,1,True,True,True
T_15567eb8ead0,1,1,1,True,True,True
T_fc5b47ec9a1a,1,1,1,True,True,True
T_db16fc83955a,1,1,1,True,True,True
T_f3c8b5b7772f,1,1,1,True,True,True
T_ce208bded82c,1,1,1,True,True,True
T_7de9f9696f76,1,1,1,True,True,True
T_a94861cbf696,1,1,1,True,True,True
T_e416cd05c00c,1,1,1,True,True,True
T_281122d2aad4,1,1,1,True,True,True
T_da5cd8c58700,1,1,1,True,True,True
T_50e4e53318e5,1,1,1,True,True,True
T_4b1350a8a7e9,1,1,1,True,True,True
T_a814f0ce1a8a,1,1,1,True,True,True
T_d88fe18f55e7,1,1,1,True,True,True
T_d90d8a96447f,1,1,1,True,True,True
T_31ccd33ce88d,1,1,1,True,True,True
T_7a6d5a2d2e9e,0,0,0,True,True,True
T_a1349ea32c3f,1,1,1,True,True,True
T_714bc5ea0514,1,1,1,True,True,True
T_950f2ecf7f98,1,1,1,True,True,True
T_199c2304154e,1,1,1,True,True,True
T_7fc2119684e2,1,1,1,True,True,True
T_964a24b9368d,1,1,1,True,True,True
T_ae122697b7f0,1,1,1,True,True,True
T_1d44f524a6af,1,1,1,True,True,True
T_04c5f68e3ca0,1,1,1,True,True,True
T_40b1ef19787f,1,1,1,True,True,True
T_a5a50b43bf02,1,1,1,True,True,True
T_399c6c78485d,1,1,1,True,True,True
T_8b27db9018f5,1,1,1,True,True,True
T_b0fc82ee0ed7,1,1,1,True,True,True
T_785ad5459433,1,1,1,True,True,True
T_e60f09b9d0bf,1,1,1,True,True,True
T_b583f913442d,1,1,1,True,True,True
T_4a8d69b962be,1,1,1,True,True,True
T_258e4d93f85b,1,1,1,True,True,True
T_6eedde19a3ed,1,1,1,True,True,True
T_b663836d98e4,1,1,1,True,True,True
T_bf5fb43f5df6,1,1,1,True,True,True
T_43eb4eed8673,1,1,1,True,True,True
T_e19a98edc15f,1,1,1,True,True,True
T_6607451e2c9f,1,1,1,True,True,True
T_44543db70c2c,1,1,1,True,True,True
T_b6b15ad02ec7,1,1,1,True,True,True
T_33cb733a4d53,1,1,1,True,True,True
T_cf043e219665,1,1,1,True,True,True
T_c402154019d1,1,1,1,True,True,True
T_ad1c4c20d7f0,1,1,1,True,True,True
T_431187fd88bc,1,1,1,True,True,True
T_f37a795252fa,1,1,1,True,True,True
T_5857fc8fa1de,1,1,1,True,True,True
T_9017d9f04bb6,1,1,1,True,True,True
T_97a593dabb30,1,1,1,True,True,True
T_d17cd006886f,1,1,1,True,True,True
T_9d6635ec70f9,1,1,1,True,True,True
T_cfdb145ce3a8,1,1,1,True,True,True
T_5bd93c9f24db,1,1,1,True,True,True
T_2f8a4589ad31,1,1,1,True,True,True
T_12b20c972385,1,1,1,True,True,True
T_90111b4c9f73,1,1,1,True,True,True
T_6ba75174f831,1,1,1,True,True,True
T_c8d56a547752,1,1,1,True,True,True
T_58a0fc38b950,1,1,1,True,True,True
T_f36ee4c7fe4e,1,1,1,True,True,True
T_8e9f51bf3fb2,1,1,1,True,True,True
T_38a081c8c806,1,1,1,True,True,True
T_c3e4b85bb4fa,1,1,1,True,True,True
T_1dbbad2aa865,1,1,1,True,True,True
T_836db0125c71,1,1,1,True,True,True
T_42e2d5302366,1,1,1,True,True,True
T_2c29a1158ffb,1,1,0,True,False,False
T_76a15aeca8c9,1,1,1,True,True,True
T_3a257c90c56f,1,1,1,True,True,True
T_25a150760875,1,1,1,True,True,True
T_00ce465a84c6,1,1,1,True,True,True
T_ad9135f3129c,1,1,1,True,True,True
T_a92c48c585c3,1,1,1,True,True,True
T_cafa843acbe0,1,1,1,True,True,True
T_df6c70aa4734,1,1,1,True,True,True
T_cd134116c23a,1,1,1,True,True,True
T_f8d5fb27874b,1,1,1,True,True,True
T_4fd2a76fb0d4,1,1,1,True,True,True
T_8e637838126e,1,1,1,True,True,True
T_bb48dc2369a6,1,1,1,True,True,True
T_1cce522af0b8,1,1,1,True,True,True
T_60fe4594b2a8,1,1,1,True,True,True
T_ef7aa2cba8c1,1,1,1,True,True,True
T_5c4c1a4adbee,1,1,1,True,True,True
T_3343b9c77469,1,1,0,True,False,False
T_316f44f82e8c,1,1,1,True,True,True
T_21db973f7a3f,1,1,1,True,True,True
T_b4f4794a454f,1,1,1,True,True,True
T_54ce92f8b819,1,1,1,True,True,True
T_f72edb39d56f,1,1,1,True,True,True
T_86967af9ac7c,1,1,0,True,False,False
T_08664051cc87,1,1,1,True,True,True
T_7ccf6631443a,1,1,1,True,True,True
T_b1617070073a,1,1,1,True,True,True
T_5441bfc6f753,1,1,1,True,True,True
T_91afa6f99b6b,1,1,1,True,True,True
T_78833bc3ca40,1,1,1,True,True,True
T_2a79ad746043,1,1,1,True,True,True
T_ed718ac0ba92,1,1,0,True,False,False
T_138ee232be94,1,1,1,True,True,True
T_4558393055a1,1,1,1,True,True,True
T_4f96f9c70624,1,1,1,True,True,True
T_a0d3b3a9dd72,1,1,1,True,True,True
T_2135a618ed56,1,1,1,True,True,True
T_44bb165f22a3,1,1,1,True,True,True
T_d9dde618e875,1,1,1,True,True,True
T_0c32354fb3cc,1,1,1,True,True,True
T_e2104e699492,1,1,1,True,True,True
T_bca5aee6c0f2,1,1,1,True,True,True
T_c28ed021caed,1,1,1,True,True,True
T_4ab347acaee9,1,1,1,True,True,True
T_4e0e2688783e,0,0,0,True,True,True
T_d76a29d66dfc,1,1,1,True,True,True
T_e355a51d6ec5,1,1,1,True,True,True
T_bf8d3e276ab1,1,1,1,True,True,True
T_7cbbd159cdd5,1,1,1,True,True,True
T_d81558b1e54d,1,1,1,True,True,True
T_dbf6e77bdace,1,1,1,True,True,True
T_f5096fa3d13d,1,1,1,True,True,True
T_82b663f72c89,1,1,1,True,True,True
T_e6b52b1a5b61,1,1,1,True,True,True
T_84879548324c,1,1,1,True,True,True
T_db93bff195cf,0,0,0,True,True,True
T_a536bf564185,1,1,1,True,True,True
T_b7ad56056549,1,1,1,True,True,True
T_225e5d80547c,1,1,1,True,True,True
T_03e2eb99c193,1,1,1,True,True,True
T_14d5172ba30a,1,1,1,True,True,True
T_df1be13e0377,1,1,1,True,True,True
T_61ceff97ae52,1,1,1,True,True,True
T_96dfd46739b6,1,1,1,True,True,True
T_5be7033b24ad,1,1,1,True,True,True
T_96bb3a0cb424,1,1,1,True,True,True
T_afe6ffd86225,1,1,1,True,True,True
T_d9e25cb69e59,1,1,1,True,True,True
T_2d168c78d75e,1,1,1,True,True,True
T_7a71eabf648b,1,1,1,True,True,True
T_91a17094a0aa,1,1,1,True,True,True
T_e885e4368706,1,1,1,True,True,True
T_3bb5faec48b8,0,0,0,True,True,True
T_7a77a6866f3a,0,0,0,True,True,True
T_4766a7fe4868,0,0,0,True,True,True
T_4852a47c012a,1,1,0,True,False,False
T_934c15f35ddf,0,0,0,True,True,True
T_40493e163fd6,0,0,0,True,True,True
T_482d13b75853,0,0,0,True,True,True
T_8cc31ceb4040,0,0,0,True,True,True
T_9cabcd718c14,0,0,0,True,True,True
T_a61049b64e7a,0,0,0,True,True,True
T_3df1b17639c4,0,0,0,True,True,True
T_810d609e036f,0,0,0,True,True,True
T_20522eb92cc0,1,1,1,True,True,True
T_67d0dd5fed17,0,0,0,True,True,True
T_96d0b2622bd7,0,0,0,True,True,True
T_5f6e82fc6619,0,0,0,True,True,True
T_065ab29485a7,0,0,0,True,True,True
T_3cee95d85970,1,1,1,True,True,True
T_cfd8380b344c,1,1,1,True,True,True
T_5ed7352647c2,0,0,0,True,True,True
T_4bd14ef05c80,0,0,0,True,True,True
T_a2bff6f84e94,1,1,1,True,True,True
T_58e94c186ab5,1,1,1,True,True,True
T_64ee2673bc35,0,0,0,True,True,True
T_b4d0e8848786,1,1,1,True,True,True
T_6159a0dcaa8a,0,0,0,True,True,True
T_dc98a29c6841,0,0,0,True,True,True
T_09bc3ef4711b,0,0,0,True,True,True
T_add391eb56c7,0,0,0,True,True,True
T_01ed58bcd9ca,0,0,0,True,True,True
T_a2cded267be0,1,1,1,True,True,True
T_5fcdeaf7ccc2,1,1,1,True,True,True
T_3c03b4b6b333,0,0,0,True,True,True
T_ff41408c399f,0,0,1,True,False,False
T_f3a0f651cfb3,1,1,1,True,True,True
T_8038b9acab10,1,1,0,True,False,False
T_c2bac45f437b,0,0,0,True,True,True
T_4867aa00a31a,1,1,1,True,True,True
T_a78eb3961c5d,1,1,1,True,True,True
T_b28136f6ac9f,0,0,0,True,True,True
T_d193f7d7c22d,0,0,0,True,True,True
T_146dea8316b3,1,1,1,True,True,True
T_7f32734322bc,0,0,0,True,True,True
T_3ea5a346869a,0,0,0,True,True,True
T_af90ce62dae1,0,0,0,True,True,True
T_9c7b061a6768,1,1,1,True,True,True
T_bad3b37d199b,1,1,1,True,True,True
T_4bb557e38513,0,0,0,True,True,True
T_953105fb5447,1,1,1,True,True,True
T_166d8006eb00,0,0,0,True,True,True
T_d4f2746913d6,0,0,0,True,True,True
T_a761b60ef9f8,0,0,0,True,True,True
T_725e54dc4390,0,0,0,True,True,True
T_dffb0e53fbbc,0,0,0,True,True,True
T_a21b529bf20e,1,1,1,True,True,True
T_c3971878eb2d,0,0,0,True,True,True
T_e39bb7c44934,1,1,1,True,True,True
T_c200306d7071,0,0,0,True,True,True
T_cb3f7c56162e,0,0,0,True,True,True
T_487919898431,0,0,0,True,True,True
T_d742042dfb25,0,0,0,True,True,True
T_6fd8763d7b03,0,0,0,True,True,True
T_d6547291728b,0,0,0,True,True,True
T_cc965a3d4b18,1,1,1,True,True,True
T_6b4a890921bf,0,0,0,True,True,True
T_7fa44160a1ac,0,0,0,True,True,True
T_8ce05c72d5b3,0,0,0,True,True,True
T_9aa67d223000,0,0,0,True,True,True
T_da76a434fe48,0,0,0,True,True,True
T_4fed26e70051,0,0,0,True,True,True
T_1e984e9154b8,1,1,1,True,True,True
T_02e1518b6465,1,1,1,True,True,True
T_27890d02fe3d,0,0,0,True,True,True
T_53f349b673b3,0,0,0,True,True,True
T_5aa0a39bef61,1,1,1,True,True,True
T_3b0dcc33c708,1,1,1,True,True,True
T_8a24dbc88ac8,0,0,0,True,True,True
T_c602471e5d95,0,0,0,True,True,True
T_c48422b6ef38,0,0,0,True,True,True
T_b578ca6a1f20,0,0,0,True,True,True
T_ef82578a6495,1,1,1,True,True,True
T_d5bb891b9e05,1,1,1,True,True,True
T_c5ccfa1d2281,0,0,0,True,True,True
T_a9eb76608c14,1,1,1,True,True,True
T_35d55b9c7011,1,1,1,True,True,True
T_e73624300c74,0,0,0,True,True,True
T_b9fb0a4327a1,0,0,0,True,True,True
T_d7cb8e7060fe,1,1,1,True,True,True
T_53c08aababc5,1,1,1,True,True,True
T_5bcc1dbf4984,0,0,0,True,True,True
T_91a6c6225b71,0,0,0,True,True,True
T_afc89ba0a7c8,0,0,0,True,True,True
T_360b34e456ed,0,0,0,True,True,True
T_8f8877f6a24e,0,0,0,True,True,True
T_853e620dfc21,1,1,1,True,True,True
T_ba8c620021d4,0,0,0,True,True,True
T_8ecbfc222108,1,1,1,True,True,True
T_26bf79551ae4,0,0,0,True,True,True
T_d507b087959a,1,1,1,True,True,True
T_bedf46ad8375,0,0,0,True,True,True
T_e82141e90f68,0,0,0,True,True,True
T_2221b8410380,0,0,0,True,True,True
T_d41d8243de13,0,0,0,True,True,True
T_043a3d4917b2,0,0,0,True,True,True
T_feff30b02a54,0,0,0,True,True,True
T_0a6620b55b6d,1,1,1,True,True,True
T_5af816b1123f,1,1,1,True,True,True
T_c4e4c50454bc,0,0,0,True,True,True
T_5c699271f365,1,1,1,True,True,True
T_4b25d2555116,0,0,0,True,True,True
T_a7106e9a8834,1,1,1,True,True,True
T_3ee8d8d73f4f,1,1,1,True,True,True
T_e268b1925444,1,1,1,True,True,True
T_ce4f0b19aefd,1,1,1,True,True,True
T_9f4cb3292558,0,0,0,True,True,True
T_21dab91e344c,1,1,1,True,True,True
T_9f03fbce1c4f,1,1,1,True,True,True
T_d0ffc047c620,1,1,1,True,True,True
T_e96cf64f5e33,1,1,1,True,True,True
T_73ec7caa71e2,1,1,1,True,True,True
T_8d0acbe0619f,1,1,1,True,True,True
T_93c0b71215f9,1,1,1,True,True,True
T_cc552e741131,0,0,0,True,True,True
T_13456f47821b,0,0,0,True,True,True
T_43b62143a5e8,0,0,0,True,True,True
T_af5111f0a28b,0,0,0,True,True,True
T_fd58364c1814,1,1,1,True,True,True
T_49ebf8644fba,1,1,1,True,True,True
T_866139f9af3b,0,0,0,True,True,True
T_f0d63250f800,0,0,0,True,True,True
T_716e546f9f8d,0,0,0,True,True,True
T_2558757b3bd9,0,0,0,True,True,True
T_2ae61655c6c9,0,0,0,True,True,True
T_142e1920714f,0,0,0,True,True,True
T_3e01ebd5ae50,1,1,0,True,False,False
T_1d18cd148ec1,0,0,0,True,True,True
T_dcedb1373ad5,0,0,0,True,True,True
T_6b221e7da01b,0,0,0,True,True,True
T_fa0571a1b59c,0,0,0,True,True,True
T_463528254120,0,0,0,True,True,True
T_424f19c10d21,1,1,1,True,True,True
T_6ee4d4bfc233,1,1,1,True,True,True
T_3198b7fe6017,0,0,1,True,False,False
T_ae09e009a7f2,0,0,0,True,True,True
T_05555b62960b,0,0,0,True,True,True
T_763857dacd0d,0,0,0,True,True,True
T_a8c42d2b6ad4,1,1,1,True,True,True
T_f89bc800a2aa,0,0,0,True,True,True
T_ba26bddf9ea3,0,0,0,True,True,True
T_6d4727cafc5f,0,0,0,True,True,True
T_3b3fe408bcd2,0,0,0,True,True,True
T_3cbde785ea29,0,0,0,True,True,True
T_2dff4835e3b1,0,0,0,True,True,True
T_cd2170782aec,0,0,0,True,True,True
T_6c8af5bb2f6f,0,0,0,True,True,True
T_0683d8e38016,0,0,0,True,True,True
T_7b5d7262e824,0,0,0,True,True,True
T_e5fa3014b305,0,0,0,True,True,True
T_72036ca4c75e,0,1,0,False,True,False
T_2fe8ee0ae2dc,0,0,0,True,True,True
T_3ed5b4f5a356,0,0,0,True,True,True
T_5ccf264a1f16,0,0,0,True,True,True
T_9e531778ccf2,0,0,0,True,True,True
T_bf304ed3a386,0,0,0,True,True,True
T_a166ba3831fb,0,0,0,True,True,True
T_65a8649a4d4f,0,0,0,True,True,True
T_9480df100cf1,0,0,0,True,True,True
T_672ee0b673e4,0,0,0,True,True,True
T_4f3c5e657af3,1,1,1,True,True,True
T_6b340f0422ee,0,0,0,True,True,True
T_22f6ce9b5023,0,0,0,True,True,True
T_2114c98a55a6,0,0,0,True,True,True
T_bb7f5b6c0d41,0,0,0,True,True,True
T_40cb08f3b981,0,0,0,True,True,True
T_98ebee2c87a7,0,0,0,True,True,True
T_07b3a5c0b840,0,0,0,True,True,True
T_404f0a2a5fed,0,0,0,True,True,True
T_68526c136d90,0,0,0,True,True,True
T_8d126f250431,0,0,0,True,True,True
T_dbb5e1aabcf4,0,0,0,True,True,True
T_a25d99323349,0,0,0,True,True,True
T_aadefae740d0,0,0,0,True,True,True
T_b83207a5f812,0,0,0,True,True,True
T_7545ab9325c2,0,0,0,True,True,True
T_e16c73ee70b3,0,0,0,True,True,True
T_48928d37b6c1,0,0,0,True,True,True
T_b0ddf02e69c6,0,0,0,True,True,True
T_e688d120edbe,0,0,0,True,True,True
T_520f35b41b8a,0,0,1,True,False,False
T_656bc460030a,0,0,0,True,True,True
T_5191e080f170,0,0,0,True,True,True
T_6aea4591e882,0,0,0,True,True,True
T_781261b7dbe9,1,1,0,True,False,False
T_31f916268f63,0,0,0,True,True,True
T_91c407b85e82,1,1,1,True,True,True
T_d183a7788254,0,0,0,True,True,True
T_14408267ddb4,0,0,1,True,False,False
T_90d99dc0c7f7,0,0,0,True,True,True
T_4acbd61fad20,0,0,0,True,True,True
T_9bbee1e3e9e4,0,0,0,True,True,True
T_9e6c235f6d9a,1,1,1,True,True,True
T_0ef02ea149bb,0,0,0,True,True,True
T_af4a70ca9955,1,1,0,True,False,False
T_ca2825d7a3ba,0,0,0,True,True,True
T_ce9943cb5aa4,0,0,0,True,True,True
T_3465ec6c6658,0,0,0,True,True,True
T_98aae3d807f1,1,1,1,True,True,True
T_223bf6a1bfe3,0,0,1,True,False,False
T_5b2569fc5995,0,0,0,True,True,True
T_f803225f8e8b,1,1,1,True,True,True
T_249dbf6bfc6f,0,0,0,True,True,True
T_bf4f237c5ded,0,0,0,True,True,True
T_0b5857645e7b,0,0,0,True,True,True
T_3370421f7126,0,0,0,True,True,True
T_c53ecc8507a7,1,1,1,True,True,True
T_dab52b53d96e,1,1,1,True,True,True
T_a2ff022a6fb8,1,1,1,True,True,True
T_0c9892f53450,0,0,0,True,True,True
T_b5af749fce7e,1,1,1,True,True,True
T_2ba39ee85498,0,0,0,True,True,True
T_04bdbf7cbfd8,1,1,1,True,True,True
T_5c5855c46406,0,0,0,True,True,True
T_7cd8df5d7aa0,0,0,0,True,True,True
T_70d1e9619448,0,0,0,True,True,True
T_0b5f13f77eb6,1,1,1,True,True,True
T_6d920f58704f,0,0,0,True,True,True
T_7b7bbf6c5b17,1,1,1,True,True,True
T_5adb759e8068,1,1,1,True,True,True
T_a2cd63730312,1,1,1,True,True,True
T_312bcb1dbaee,0,0,0,True,True,True
T_db08c232f39a,1,1,1,True,True,True
T_8b97020f0982,0,0,0,True,True,True
T_4c5f4ea148c0,0,0,0,True,True,True
T_273ec406a7c1,1,1,1,True,True,True
T_64fa9737f823,1,1,1,True,True,True
T_1ec3797553ca,0,1,0,False,True,False
T_53ace5140b64,1,1,1,True,True,True
T_9f0fa86fd2ea,1,1,1,True,True,True
T_d01d4683531a,0,0,0,True,True,True
T_29436f7ce4b3,0,0,0,True,True,True
T_75ba82d563f2,0,0,0,True,True,True
T_f42d6f62e30c,0,0,0,True,True,True
T_0fd4806bc8a1,1,1,1,True,True,True
T_15174b53125a,0,0,0,True,True,True
T_07cf23d4f189,0,0,0,True,True,True
T_4cbffc651952,1,1,1,True,True,True
T_be926cff02ff,0,0,0,True,True,True
T_b7ae957e0c95,0,0,0,True,True,True
T_72c262bc8ba1,0,0,0,True,True,True
T_fa652e5059cc,0,0,0,True,True,True
T_7df4bb8a208e,0,0,0,True,True,True
T_9fa94eed6770,0,0,0,True,True,True
T_e93116da8bb4,1,1,1,True,True,True
T_a28a7b1ca8b0,0,0,0,True,True,True
T_12a0779dd0e6,0,0,0,True,True,True
T_291180ef28fa,0,0,0,True,True,True
T_c1e6c9f0d18c,1,1,1,True,True,True
T_3366183c2fbd,0,0,0,True,True,True
T_808f2658b1d4,0,0,0,True,True,True
T_d36239688441,0,0,0,True,True,True
T_99ff8137e8c2,1,1,1,True,True,True
T_4c41c51ec15f,1,1,1,True,True,True
T_00d9929b6b8c,0,0,0,True,True,True
T_70697a77a761,0,0,0,True,True,True
T_80354b96d565,0,0,0,True,True,True
T_c8c8e20c0892,0,0,0,True,True,True
T_2fea8f85be9f,1,1,1,True,True,True
T_1f910a3bee43,1,1,1,True,True,True
T_dc26b401bb84,0,0,0,True,True,True
T_9719671fc1f3,0,1,0,False,True,False
T_4fdf779e686b,1,1,1,True,True,True
T_89d40dea07f3,1,1,1,True,True,True
T_47787bac74d7,1,1,1,True,True,True
T_13d0df3ae59f,1,1,1,True,True,True
T_e7d6d546c056,1,1,1,True,True,True
T_0b1178581e49,1,1,1,True,True,True
T_0ca9b061fc69,1,1,1,True,True,True
T_b9c9988a7fde,0,0,0,True,True,True
T_acddb2723754,0,0,0,True,True,True
T_9d547c8c5ac9,0,0,0,True,True,True
T_0835b88cfbad,1,1,1,True,True,True
T_2f0ac2610980,0,0,0,True,True,True
T_39347af5ce3c,0,0,0,True,True,True
T_4f686c759d46,1,1,1,True,True,True
T_fd86f31590cc,1,1,1,True,True,True
T_babc520a157a,1,1,1,True,True,True
T_9cacb72fb379,0,0,0,True,True,True
T_41707e489bcf,0,0,0,True,True,True
T_ef69263f4ba7,0,0,0,True,True,True
T_67dbef770b92,0,0,0,True,True,True
T_a0eed63fbb42,0,0,0,True,True,True
T_60e795777a41,1,1,1,True,True,True
T_60a7f92b451b,1,1,1,True,True,True
T_f11bcccacb28,0,1,1,False,False,False
T_2550b77b5d0c,1,1,1,True,True,True
T_bad99b2f623c,1,1,1,True,True,True
T_4ac10dd5cd6b,0,0,0,True,True,True
T_0aa3a6949f4d,0,0,0,True,True,True
T_b709a5f706ea,1,1,1,True,True,True
T_c79ebff2934e,0,0,0,True,True,True
T_ca38d569fb63,1,1,1,True,True,True
T_dd846b1f95c9,1,1,1,True,True,True
T_bbc42514c95f,0,0,0,True,True,True
T_6fc350fd6550,1,1,1,True,True,True
T_b5330ae151ce,0,0,0,True,True,True
T_78e1c1007553,1,0,1,False,True,False
T_4548c5e93167,0,0,0,True,True,True
T_7e29a8c6b2fa,1,1,1,True,True,True
T_539970f0314b,1,1,1,True,True,True
T_1d254faa0c5b,0,0,0,True,True,True
T_df2c13a70890,1,1,1,True,True,True
T_b9b42504e383,1,1,1,True,True,True
T_b4314a59ea46,0,1,1,False,False,False
T_c43f74ba5f26,1,1,1,True,True,True
T_77c59365d87c,0,0,0,True,True,True
T_1d1431326d9f,1,1,1,True,True,True
T_d3e2fd979885,1,1,1,True,True,True
T_6bdb42d83d79,0,0,0,True,True,True
T_dc08a0ac4d9c,1,1,1,True,True,True
T_2d1312e5b169,0,0,0,True,True,True
T_5d4c36856533,0,0,0,True,True,True
T_dbc242697457,0,0,0,True,True,True
T_6af3be78eac8,1,1,1,True,True,True
T_6cb39dd5ae9d,0,0,0,True,True,True
T_edbf3f979418,1,1,0,True,False,False
T_0b040048c2c4,1,1,1,True,True,True
T_c711a542eba8,1,1,1,True,True,True
T_b9d157d8115c,1,1,1,True,True,True
T_80e988ad9d82,1,1,1,True,True,True
T_97770c873afd,1,1,1,True,True,True
T_1a1e578e68bc,0,0,0,True,True,True
T_353dd89daa8c,0,0,0,True,True,True
T_31c3824ad258,1,1,1,True,True,True
T_a2ce63c9d696,1,1,1,True,True,True
T_61ae00ac8e84,0,0,0,True,True,True
T_3e22e110e831,0,0,0,True,True,True
T_9db2d07d0f71,1,1,1,True,True,True
T_a39240c8f226,1,1,1,True,True,True
T_2e651ff2c0cd,1,1,1,True,True,True
T_18e7e05c3e42,1,1,1,True,True,True
T_16ee8e3b9f9f,1,1,0,True,False,False
T_4b5733722ae9,1,1,1,True,True,True
T_2fc4d8a8b404,1,1,0,True,False,False
T_35d397a30152,1,1,1,True,True,True
T_1b4f0ee93235,1,0,1,False,True,False
T_8299704b5bd1,1,1,1,True,True,True
T_96d8adbd72cb,1,1,1,True,True,True
T_4ba42cd1657c,0,0,0,True,True,True
T_4b7030913e4c,0,0,0,True,True,True
T_187fdec97644,0,0,0,True,True,True
T_fde1ced13379,0,0,0,True,True,True
T_7823e3724bbf,0,0,0,True,True,True
T_d73c9c82bbb5,0,0,0,True,True,True
T_1201ade9a80a,0,0,0,True,True,True
T_fa706f709cea,0,0,0,True,True,True
T_4bbf71bc9798,0,0,0,True,True,True
T_24e92e33ac85,0,0,0,True,True,True
T_b97efd1c7e83,1,1,1,True,True,True
T_d5b94683c34b,0,0,0,True,True,True
T_36c5aac401de,1,1,1,True,True,True
T_35adf0600813,1,1,1,True,True,True
T_d262274a7889,1,1,1,True,True,True
T_ed832d12bfe0,1,1,1,True,True,True
T_020b64ede077,1,1,1,True,True,True
T_9038721f89ea,0,0,0,True,True,True
T_786d9b8b44d3,0,0,0,True,True,True
T_d486dd6b76b8,1,1,1,True,True,True
T_38537531c5d9,1,1,1,True,True,True
T_fb0a52d126c5,1,1,1,True,True,True
T_aa607bdedfcd,1,1,1,True,True,True
T_06cb16ec676a,1,1,1,True,True,True
T_a8b8e945d22e,1,1,1,True,True,True
T_309fdfc44cc3,1,1,1,True,True,True
T_7d712365afe4,0,1,0,False,True,False
T_8ecd26aa4333,0,0,0,True,True,True
T_a789d726e2a2,0,0,0,True,True,True
T_83a539d58575,1,1,1,True,True,True
T_7c286d70d644,0,0,0,True,True,True
T_70afc0a4b3ef,0,0,0,True,True,True
T_8967fc728991,1,1,1,True,True,True
T_6f7708f5f294,1,1,1,True,True,True
T_a2d426fe352e,1,1,1,True,True,True
T_f884923e43b5,0,0,0,True,True,True
T_a3d16fd69efc,0,0,0,True,True,True
T_c4bf0fcf9d63,0,0,0,True,True,True
T_b7596a0e1a28,0,0,0,True,True,True
T_8b3cfc148699,0,0,0,True,True,True
T_1a778b871c11,0,0,0,True,True,True
T_21438e790f50,1,1,1,True,True,True
T_1c1e22e35d52,0,0,0,True,True,True
T_18503b8eb503,0,0,0,True,True,True
T_d0f120c14341,0,0,0,True,True,True
T_882179335b08,0,0,0,True,True,True
T_d3caaaf1b66d,0,0,0,True,True,True
T_3503eece5a93,0,0,0,True,True,True
T_4d737c6c2695,1,1,1,True,True,True
T_c480ad096a94,0,0,0,True,True,True
T_cded3f82ba26,0,0,0,True,True,True
T_43524e112c09,0,0,0,True,True,True
T_40c1f12f7142,0,0,1,True,False,False
T_37e7242ef1f4,0,0,0,True,True,True
T_9717a7c49837,0,0,0,True,True,True
T_be52a33d1daa,0,0,0,True,True,True
T_270ae65bf042,0,0,0,True,True,True
T_ccd0e3f5a766,0,0,0,True,True,True
T_57e3bb718b71,0,0,0,True,True,True
T_9f3b295f76ca,0,0,0,True,True,True
T_19c8691dd445,0,0,0,True,True,True
T_38a4f84b31b3,0,0,0,True,True,True
T_602f1e0e0249,1,1,1,True,True,True
T_13d390b82c89,1,1,1,True,True,True
T_382c0cc4ad94,0,0,0,True,True,True
T_a4d25e2a146e,0,0,0,True,True,True
T_d26779b02f31,0,0,0,True,True,True
T_0e41d69d1de0,0,0,0,True,True,True
T_e554369764a0,1,1,1,True,True,True
T_018cc045690c,0,0,0,True,True,True
T_1671eedab8ba,0,0,0,True,True,True
T_8bc42954d400,0,0,0,True,True,True
T_9520b15f93cc,0,0,0,True,True,True
T_a986cc22d177,0,0,0,True,True,True
T_e167471c464e,0,0,0,True,True,True
T_b3465255d5e5,0,0,0,True,True,True
T_f9b3169f4a91,0,0,0,True,True,True
T_9cb357a2d2ad,0,0,0,True,True,True
T_ef34da0287a1,0,0,0,True,True,True
T_287b1262315f,0,0,0,True,True,True
T_2c914c08ce6a,0,0,0,True,True,True
T_26c074c15e50,0,0,0,True,True,True
T_7986574a8777,1,1,1,True,True,True
T_eeb15bfef3e4,0,0,0,True,True,True
T_2a6a13f9d8a3,0,0,0,True,True,True
T_980a6223c8ca,0,0,0,True,True,True
T_5464591dd48b,0,0,0,True,True,True
T_62820a7ce3f1,0,0,0,True,True,True
T_30d3f6211fb1,0,0,0,True,True,True
T_976c2c730bad,0,0,0,True,True,True
T_de69cf628b00,0,0,0,True,True,True
T_26ade0b76807,0,0,0,True,True,True
T_8555319652c5,1,1,1,True,True,True
T_b2c032a84396,0,0,0,True,True,True
T_3856c971cadc,0,0,0,True,True,True
T_9c6a663cab12,0,0,0,True,True,True
T_63eec2202992,0,0,0,True,True,True
T_872d9f968bae,0,0,0,True,True,True
T_c5179d605c5e,0,0,0,True,True,True
T_4096b4a2557d,0,0,0,True,True,True
T_555fb19e1a09,1,1,1,True,True,True
T_174a466c1a32,1,1,1,True,True,True
T_981806212f79,0,0,0,True,True,True
T_37cb2cf59d56,1,1,1,True,True,True
T_1dba85caff2e,1,1,1,True,True,True
T_15f34fa5daa7,0,0,0,True,True,True
T_7fb6dd4b971d,0,0,0,True,True,True
T_6f4ebd761599,0,0,0,True,True,True
T_cfb9e1f0d66f,0,0,0,True,True,True
T_7ccd4356c3f7,0,0,0,True,True,True
T_a95ed592ea71,0,0,0,True,True,True
T_c403baf902bb,0,0,0,True,True,True
T_e0ab3f925984,0,0,0,True,True,True
T_9c1be1fb3115,0,0,0,True,True,True
T_ce85b4bd2b39,1,1,1,True,True,True
T_aa90bdb322e3,0,0,0,True,True,True
T_96320f327a16,0,0,0,True,True,True
T_6ffbb98532f6,0,0,0,True,True,True
T_d6b7ae4c0648,0,0,0,True,True,True
T_d7312a34847a,0,0,0,True,True,True
T_a206e5dfee82,0,0,0,True,True,True
T_48a1ffdd7aa3,0,0,0,True,True,True
T_287d78aee673,0,0,0,True,True,True
T_a826ff2cc96d,0,0,0,True,True,True
T_912deab4d506,0,0,0,True,True,True
T_e31198537297,0,0,0,True,True,True
T_734e19450e57,0,0,0,True,True,True
T_762eb045c858,0,0,0,True,True,True
T_89a34fcf0447,0,0,0,True,True,True
T_0ef5127df7b6,0,0,0,True,True,True
T_d83217508682,0,0,0,True,True,True
T_776363a614bb,0,0,0,True,True,True
T_018ddb0f99da,0,0,0,True,True,True
T_953e58278c0f,0,0,0,True,True,True
T_5c639e33edf4,0,0,0,True,True,True
T_a23261a45ffd,0,0,0,True,True,True
T_7b4db61c8609,0,0,0,True,True,True
T_93e11e50b976,0,0,0,True,True,True
T_6600f8a7f360,0,0,0,True,True,True
T_043318a055bd,0,0,0,True,True,True
T_c488e28511ec,0,0,0,True,True,True
T_1be5cdcb2019,0,0,0,True,True,True
T_d1d4ea72a25f,0,0,0,True,True,True
T_3fdced2a6a96,0,0,0,True,True,True
T_36c75544eed4,0,0,0,True,True,True
T_f55fc2927555,0,0,0,True,True,True
T_f34dd9664edb,0,0,0,True,True,True
T_08a0aa94239a,0,0,0,True,True,True
T_2b6d80175b29,0,0,0,True,True,True
T_9e9e7f83c6b9,0,0,0,True,True,True
T_8e45980999ef,0,0,0,True,True,True
T_a7072ee7f69e,0,0,0,True,True,True
T_f2b0ed6ee627,0,0,0,True,True,True
T_14798828182c,0,0,0,True,True,True
T_4905c298ece4,0,0,0,True,True,True
T_6b9b302e152e,0,0,0,True,True,True
T_b0910c2e2f56,0,0,0,True,True,True
T_26b4f278f609,0,0,0,True,True,True
T_9906d52795a0,0,0,0,True,True,True
T_51a47b7bf9bc,0,0,0,True,True,True
T_e074d105dc1a,0,0,0,True,True,True
T_9b5080334bb8,0,0,0,True,True,True
T_3c13435ff20e,0,0,0,True,True,True
T_b69b488f480b,0,0,0,True,True,True
T_c9a3260cffb7,0,0,0,True,True,True
T_b5694e1fa241,0,0,0,True,True,True
T_52c2ca42bce3,0,0,0,True,True,True
T_44003a3073ef,0,0,0,True,True,True
T_63b101bd1c48,0,0,0,True,True,True
T_748bebdd4a17,0,0,0,True,True,True
T_973f5d3b22f9,0,0,0,True,True,True
T_2da3389370ef,0,0,0,True,True,True
T_cf020f4dac8b,0,0,0,True,True,True
T_6f2226e68e08,0,0,0,True,True,True
T_6384be71c704,0,0,0,True,True,True
T_26bb8c99e846,0,0,0,True,True,True
T_bb857bc1217d,0,0,0,True,True,True
T_ff181d585e46,0,0,0,True,True,True
T_cf4ff84f7e51,1,1,1,True,True,True
T_d37b2747bcbd,0,0,0,True,True,True
T_1aa57f66aaeb,0,0,0,True,True,True
T_542dfc3127df,0,0,0,True,True,True
T_009fd31a73a0,0,0,0,True,True,True
T_04dab6c28529,0,0,0,True,True,True
T_4827dc7bad79,0,0,0,True,True,True
T_bc938333a195,0,0,0,True,True,True
T_f35d5595ca40,1,1,1,True,True,True
T_ef1cfdc14493,0,1,0,False,True,False
T_718a8417ae2e,0,0,0,True,True,True
T_3c751cb195fb,0,0,0,True,True,True
T_e8dca76f9f1f,0,0,0,True,True,True
T_80b217faa623,0,0,1,True,False,False
T_65ff48848b1e,0,0,0,True,True,True
T_4a3cb9488a93,0,0,0,True,True,True
T_42348851f6f9,0,0,0,True,True,True
T_0034683a6aa1,0,0,0,True,True,True
T_44c3d25b46c1,0,0,0,True,True,True
T_a0b60eed15f9,0,0,0,True,True,True
T_3a39328e103e,1,1,1,True,True,True
T_982ab434031c,0,0,0,True,True,True
T_64c42d1de592,0,0,0,True,True,True
T_4f4733301d2e,0,0,0,True,True,True
T_c9ff75efcb6a,0,0,0,True,True,True
T_d8579661862a,0,0,0,True,True,True
T_d6e063c974c3,0,0,0,True,True,True
T_668c588ed9ea,0,0,0,True,True,True
T_7dbe8994d82d,0,0,0,True,True,True
T_b8a34040a6d1,0,0,0,True,True,True
T_44e0185e707d,0,0,0,True,True,True
T_53e05eee8c71,0,0,0,True,True,True
T_08e8790ee0e3,0,0,0,True,True,True
T_16939f3ecc71,0,0,0,True,True,True
T_ce94394758dc,0,0,0,True,True,True
T_d5c0837f5883,0,0,0,True,True,True
T_e0f05c03e4c8,0,0,0,True,True,True
T_7832f402e986,0,0,0,True,True,True
T_7488aa65d235,0,0,0,True,True,True
T_88217e509243,0,0,0,True,True,True
T_31253f367222,0,0,0,True,True,True
T_5c7d135f9824,0,0,0,True,True,True
T_13ca2c5aeac0,0,0,0,True,True,True
T_bd894546f8ef,0,0,0,True,True,True
T_53f9d40b69d2,0,0,0,True,True,True
T_86212b3bf5f4,0,0,0,True,True,True
T_1251c6d1add5,0,0,0,True,True,True
T_f2aab99ea76e,0,0,0,True,True,True
T_54835effa67a,0,0,0,True,True,True
T_e5398c60195f,0,0,0,True,True,True
T_624e991059a8,0,0,0,True,True,True
T_4906146586a1,0,0,0,True,True,True
T_34b0d28730cf,0,0,0,True,True,True
T_30e371cb33ab,0,0,0,True,True,True
T_d15046591a6d,0,0,0,True,True,True
T_7e074689b6db,0,0,0,True,True,True
T_c09295a034be,0,0,0,True,True,True
T_32dae065d455,0,0,0,True,True,True
T_f775fa94ae74,0,0,0,True,True,True
T_96a6b4f6de11,0,0,0,True,True,True
T_9b7cc556190a,0,0,0,True,True,True
T_7eea4b5473ac,0,0,0,True,True,True
T_896f3336d810,0,0,0,True,True,True
T_d192fcb5563e,0,0,0,True,True,True
T_b7512802673e,0,0,0,True,True,True
T_a9c6ad81bca3,0,0,0,True,True,True
T_5f6991de5d8b,0,0,0,True,True,True
T_f385ce7abc96,0,0,0,True,True,True
T_945ed9a677fe,0,0,0,True,True,True
T_3d46eb53b40e,0,0,0,True,True,True
T_c6614dba6932,0,0,0,True,True,True
T_51ad278f8913,0,0,0,True,True,True
T_30ee7aa409e7,1,1,1,True,True,True
T_223ccdc9eb87,1,1,1,True,True,True
T_34446f83c3c7,1,1,1,True,True,True
T_34c4bdb45794,1,1,1,True,True,True
T_270d09e9b562,1,1,1,True,True,True
T_9cd9fb267dab,1,1,1,True,True,True
T_2a778819311e,0,0,0,True,True,True
T_b2efe61c6925,0,0,0,True,True,True
T_03a0effe40d9,0,0,0,True,True,True
T_95fea01c4c1d,0,0,0,True,True,True
T_de7fe1c4fd00,0,0,0,True,True,True
T_979bb5888592,0,0,0,True,True,True
T_4afc3b1b024e,0,0,0,True,True,True
T_3449024027f2,0,0,0,True,True,True
T_1b22b4ee1405,0,0,0,True,True,True
T_eb2136f986a4,0,0,0,True,True,True
T_58a6810a8b6b,0,0,0,True,True,True
T_747ac52d12f0,0,0,0,True,True,True
T_04fd9b90a807,0,0,0,True,True,True
T_0bb4f5a07ce0,0,0,0,True,True,True
T_efe1c43c8b2d,0,0,0,True,True,True
T_3dd333bbbd68,0,0,0,True,True,True
T_1a3a2a54fe0e,0,0,0,True,True,True
T_76f97598c63f,0,0,0,True,True,True
T_9e4310d1231a,0,0,0,True,True,True
T_2cc691f46bf1,0,0,0,True,True,True
T_ec85189465d1,0,0,0,True,True,True
T_8875ffa6f491,0,0,0,True,True,True
T_c876b0514614,0,0,0,True,True,True
T_1d08a70c3143,0,0,0,True,True,True
T_7e8aa05bdfec,0,0,0,True,True,True
T_fbd7912a8034,0,0,0,True,True,True
T_628842e113ed,0,0,0,True,True,True
T_68f2be7b644c,0,0,0,True,True,True
T_154745388e05,0,0,0,True,True,True
T_820d0d10e110,0,0,0,True,True,True
T_0f02f5366fc1,0,0,0,True,True,True
T_008a5b346ac8,0,0,0,True,True,True
T_98ca37db6514,0,0,0,True,True,True
T_f9cf87c2875a,0,0,0,True,True,True
T_746f139eda1c,0,0,0,True,True,True
T_c37a60657b9c,0,0,0,True,True,True
T_a82300c4bfaf,1,1,1,True,True,True
T_07d4af2198ed,0,0,0,True,True,True
T_abce61851607,0,0,0,True,True,True
T_0be88fbe6e01,0,0,0,True,True,True
T_cc2397d1c96c,0,0,0,True,True,True
T_fcaf4951f23e,0,0,0,True,True,True
T_7defdd845cd5,0,0,0,True,True,True
T_12b2386dc392,0,0,0,True,True,True
T_e31d72139190,0,0,0,True,True,True
T_e1e462efaecf,0,0,0,True,True,True
T_ff76f6105361,0,0,0,True,True,True
T_0fa70a708926,0,0,0,True,True,True
T_8c1efac0bea4,0,0,0,True,True,True
T_7502f0e4ee7f,0,0,0,True,True,True
T_3b7c8d240c82,0,0,0,True,True,True
T_fff741705c7b,0,0,0,True,True,True
T_91bfe7c464ff,0,0,0,True,True,True
T_ccd6355741cd,0,0,0,True,True,True
T_520d9af5ef0f,0,0,0,True,True,True
T_da5a3c0cd2cb,0,0,0,True,True,True
T_e811254f015a,0,0,0,True,True,True
T_af487ccd88d3,0,0,0,True,True,True
T_6f42e3c1b080,0,0,0,True,True,True
T_5ddd2faba69d,0,0,0,True,True,True
T_8247863308d2,0,0,0,True,True,True
T_099c5ca0deb5,0,0,0,True,True,True
T_3707f3d0dc1f,0,0,0,True,True,True
T_185d759b5576,0,0,0,True,True,True
T_35dde3b4ee87,0,0,0,True,True,True
T_df1d2394a7c7,0,0,0,True,True,True
T_6cce0cdb9bb5,0,0,0,True,True,True
T_7ab92946cbe5,0,0,0,True,True,True
T_cf38991e9628,1,1,1,True,True,True
T_33fe980e8f2f,0,0,0,True,True,True
T_3b3cae8ac5fa,0,0,0,True,True,True
T_40627ee32343,0,0,0,True,True,True
T_09c1e4f8d7b2,0,0,0,True,True,True
T_39b41e70a09e,0,0,0,True,True,True
T_de75212c7bc3,0,0,0,True,True,True
T_ef11767ed3c6,0,0,0,True,True,True
T_341ba23c0182,0,0,0,True,True,True
T_1e465a88cdf5,0,0,0,True,True,True
T_ea6ff7338f03,0,0,0,True,True,True
T_a8ffe76f7de2,0,0,0,True,True,True
T_e3df52ac3329,0,0,0,True,True,True
T_8bdd46ec9129,0,0,0,True,True,True
T_ddd9dbd83484,0,0,0,True,True,True
T_19c7c6db68c4,0,0,0,True,True,True
T_afa48c4b8575,0,0,0,True,True,True
T_b456b371f899,0,0,0,True,True,True
T_62adf9d03ff4,0,0,0,True,True,True
T_d2e7d9abe76a,0,0,0,True,True,True
T_f0bad79c9387,0,0,0,True,True,True
T_d35179ff7a21,0,0,0,True,True,True
T_bd87be54f767,0,0,0,True,True,True
T_d78283a6c25a,0,0,0,True,True,True
T_2f82a4f95342,0,0,0,True,True,True
T_9a22568f9d49,0,0,0,True,True,True
T_645050e8f971,0,0,0,True,True,True
T_2ef5a1e12201,0,0,0,True,True,True
T_7f1620bd65b6,0,0,0,True,True,True
T_7d337ee9ef37,0,0,0,True,True,True
T_4c0dce21c885,0,0,0,True,True,True
T_52dd725f63b6,0,0,0,True,True,True
T_dbe44b906306,0,0,0,True,True,True
T_2b53a16eb8f2,0,0,0,True,True,True
T_272be40fe615,0,0,0,True,True,True
T_854d149e2828,0,0,0,True,True,True
T_ee2e50993ff3,0,0,0,True,True,True
T_686d3ec7b1b4,0,0,0,True,True,True
T_5d4a722cfd76,0,0,0,True,True,True
T_f7ac7bdc7d8b,0,0,0,True,True,True
T_3c74f3f6103e,0,0,0,True,True,True
T_a440e5b05e2c,0,0,0,True,True,True
T_754a97baaabd,0,0,0,True,True,True
T_4c36d36be5ab,0,0,0,True,True,True
T_b66a0c12f4fe,0,0,0,True,True,True
T_54808fe8f469,0,0,0,True,True,True
T_0d7fcddea726,0,0,0,True,True,True
T_d8f8300443cf,0,0,0,True,True,True
T_a81ef6294ac2,0,0,0,True,True,True
T_d8ebcf68643a,0,0,0,True,True,True
T_92976dca7efa,0,0,0,True,True,True
T_1e087a053547,0,0,0,True,True,True
T_653612f535ee,0,0,0,True,True,True
T_9392f2c9df86,0,0,0,True,True,True
T_8982092290d7,1,1,1,True,True,True
T_8891b324049e,0,0,0,True,True,True
T_4dcc6c8968b5,0,0,0,True,True,True
T_7f246fec800d,0,0,0,True,True,True
T_235aaa47b5ef,0,0,0,True,True,True
T_9f9a48027c3a,0,0,0,True,True,True
T_df1850860e05,0,0,0,True,True,True
T_fdc4464a244d,0,0,0,True,True,True
T_d190f5a66698,0,0,0,True,True,True
T_fc100e366ecc,0,0,0,True,True,True
T_733008d3ba12,0,0,0,True,True,True
T_be9d89ebaec2,0,0,0,True,True,True
T_69fbaa2fc363,0,0,0,True,True,True
T_26bbba982da6,0,0,0,True,True,True
T_21b6aebe5c84,0,0,0,True,True,True
T_2e07263cad29,0,0,0,True,True,True
T_d7be480a5e5b,0,0,0,True,True,True
T_1587648d4893,0,0,0,True,True,True
T_7ff8d7a748b0,0,0,0,True,True,True
T_7c07421863fc,0,0,0,True,True,True
T_1be036160731,0,0,0,True,True,True
T_a05f8bab8c3f,0,0,0,True,True,True
T_345fdbae9acb,0,0,0,True,True,True
T_15a728d487ff,0,0,0,True,True,True
T_52531a0cdc35,0,0,0,True,True,True
T_29c44c50481f,0,0,0,True,True,True
T_9b744dae02e8,0,0,0,True,True,True
T_a899af3cfa11,0,0,0,True,True,True
T_a07afbc39bda,0,0,0,True,True,True
T_bf1c57e38c2c,1,1,1,True,True,True
T_f2edf1330860,1,1,1,True,True,True
T_350d95e9c732,1,1,1,True,True,True
T_040804584664,1,1,1,True,True,True
T_5f7bfb40ff58,1,1,1,True,True,True
T_da9430baa6e5,1,0,1,False,True,False
T_76da07875ee7,1,1,1,True,True,True
T_68808e514274,1,1,1,True,True,True
T_d72c5c3ae0fc,1,1,1,True,True,True
T_6d9f41136cb2,1,1,1,True,True,True
T_75415a7df5ac,1,1,1,True,True,True
T_a16238b68465,1,1,1,True,True,True
T_ca8f3d124aa6,1,1,1,True,True,True
T_59ccaa9c8df4,0,0,0,True,True,True
T_9bba63974b33,1,1,1,True,True,True
T_e99cee1369fd,0,0,0,True,True,True
T_0b465fcbe8fa,1,1,1,True,True,True
T_3ccad729d8e2,0,0,0,True,True,True
T_2f8df769f41b,0,0,0,True,True,True
T_e0c82c85c39a,0,0,0,True,True,True
T_f00f0c87d307,1,1,1,True,True,True
T_b8fb33b32f4a,0,0,0,True,True,True
T_598b33625fc6,0,0,0,True,True,True
T_0880384b2ced,0,0,0,True,True,True
T_dfc751cdc268,1,1,1,True,True,True
T_91b81400de46,1,1,1,True,True,True
T_ef9445188801,0,0,0,True,True,True
T_54db8ff4bb04,1,1,1,True,True,True
T_f738451d40f1,0,0,0,True,True,True
T_f1428d1c2f86,1,1,1,True,True,True
T_c94cb2c8639d,1,0,0,False,False,False
T_4728a94dc3cf,0,0,0,True,True,True
T_efbf689ba003,0,0,0,True,True,True
T_e8660dfd804f,0,0,0,True,True,True
T_c0d2fc166857,0,0,0,True,True,True
T_8a3fedb62de7,0,0,0,True,True,True
T_5e1b70047547,0,0,0,True,True,True
T_0bf29592744c,0,0,0,True,True,True
T_1989b8b8d6dd,0,0,0,True,True,True
T_14c902ee3fa2,0,0,0,True,True,True
T_1fa3aeae5109,0,0,0,True,True,True
T_106c776d5701,0,0,0,True,True,True
T_349e237984b4,0,0,0,True,True,True
T_9363acc9cd7a,0,0,0,True,True,True
T_e4d526517617,0,0,0,True,True,True
T_fc5616fa1586,0,0,0,True,True,True
T_2e8de918154b,0,0,0,True,True,True
T_d97dbc1efe3b,0,0,0,True,True,True
T_19c9766cd722,0,0,0,True,True,True
T_35a173a24c95,1,1,1,True,True,True
T_d131a489b3cf,0,0,1,True,False,False
T_ff2b6c45a24d,1,1,1,True,True,True
T_cb19dbb0971c,0,0,0,True,True,True
T_b80870232411,1,1,1,True,True,True
T_0b1b6ae33915,0,0,0,True,True,True
T_a4a7ed301608,0,0,0,True,True,True
T_1361eb5d54c5,1,1,1,True,True,True
T_4b73dd29291c,1,1,1,True,True,True
T_ce826c8e4b75,0,0,0,True,True,True
T_8473dfc5ee39,0,0,0,True,True,True
T_f880c9e177da,0,0,0,True,True,True
T_dfd557382dd6,0,0,0,True,True,True
T_d8140a4b6743,0,0,0,True,True,True
T_2c0fd3dc1dd6,1,1,1,True,True,True
T_196933927e13,1,1,1,True,True,True
T_3ef459abc7fc,1,1,1,True,True,True
T_886eaefce906,0,0,0,True,True,True
T_7ac4d536f818,0,0,0,True,True,True
T_6df1160bd96a,0,0,0,True,True,True
T_514f3f2074c6,0,0,0,True,True,True
T_625eac880dcb,0,0,0,True,True,True
T_3336a22d6d5f,0,0,0,True,True,True
T_4ce30a8df509,0,0,0,True,True,True
T_4c150cb36f78,0,0,0,True,True,True
T_7b3483ff6f9d,0,0,0,True,True,True
T_1bee8dd8353d,0,0,0,True,True,True
T_5738bdb0e69a,0,0,0,True,True,True
T_b15db4f7fdc0,0,0,0,True,True,True
T_900c5998cfa6,0,0,0,True,True,True
T_7376a3b398b2,0,0,0,True,True,True
T_b6829f64ae78,0,0,0,True,True,True
T_a756c0cb6f27,0,0,0,True,True,True
T_c8c118e6b95a,0,0,0,True,True,True
T_6f2d10c962c1,0,0,0,True,True,True
T_fb6e494611e7,0,0,0,True,True,True
T_04cfa2d00e14,1,1,1,True,True,True
T_95321a4ecf17,0,0,0,True,True,True
T_ca77c4949def,0,0,0,True,True,True
T_84da3219887e,0,0,0,True,True,True
T_ce3797cc833c,0,0,0,True,True,True
T_65145892fd61,0,0,0,True,True,True
T_bbe215254b17,0,0,0,True,True,True
T_3bb4eb04e386,0,0,0,True,True,True
T_881ca1057c53,0,0,0,True,True,True
T_541b77da2ac7,0,0,0,True,True,True
T_4b1f243480d9,0,0,0,True,True,True
T_0ed3eb07cc63,0,0,0,True,True,True
T_e8cd660fd98a,0,0,0,True,True,True
T_c92c29d9aeec,0,0,0,True,True,True
T_1e0e303c6bea,0,0,0,True,True,True
T_689c74866d4c,0,0,0,True,True,True
T_a14ea580e494,0,0,0,True,True,True
T_3bb21361e45b,0,0,0,True,True,True
T_0a20c739cb87,0,0,0,True,True,True
T_03605ab67c0e,0,0,0,True,True,True
T_aff61af83839,0,0,0,True,True,True
T_5b6d5fd80f02,1,1,1,True,True,True
T_26bf478aa8c2,0,0,0,True,True,True
T_97bd0e3edd6a,0,0,0,True,True,True
T_6e308a1b6e34,0,0,0,True,True,True
T_538e866c62ab,0,0,0,True,True,True
T_bcd9a7373134,0,0,0,True,True,True
T_f7dd29e2ae23,0,0,0,True,True,True
T_0620878d5403,0,0,0,True,True,True
T_ea7c184a21ef,0,0,0,True,True,True
T_2c1f64afecae,1,1,0,True,False,False
T_f0c342de794a,0,0,0,True,True,True
T_71483a7a28dc,0,0,0,True,True,True
T_8745d64e7c9e,0,0,0,True,True,True
T_8d7e4c943ef6,0,0,0,True,True,True
T_f9dd7f8e80fa,0,0,0,True,True,True
T_aec3760a7a55,0,0,0,True,True,True
T_5622dfab0773,0,0,0,True,True,True
T_d0863b8d233d,0,0,0,True,True,True
T_e7fb6ac43cbb,0,0,0,True,True,True
T_27c4a17c40a0,0,0,0,True,True,True
T_d16ef471a1c4,0,0,0,True,True,True
T_7178dabebcd3,0,0,0,True,True,True
T_bcb663ab6eca,0,0,0,True,True,True
T_7f67eb861109,0,0,0,True,True,True
T_f47e5f28affe,0,0,0,True,True,True
T_f158a0b434a3,0,0,0,True,True,True
T_c7c4e82ebb1e,0,0,0,True,True,True
T_699cc213c306,0,0,0,True,True,True
T_f35930fdc773,0,0,0,True,True,True
T_c59754a4130c,0,0,0,True,True,True
T_addf77c4fc87,0,0,0,True,True,True
T_7a8513da574b,0,0,0,True,True,True
T_f692cb37650b,0,0,0,True,True,True
T_7e8ffc24001d,0,0,0,True,True,True
T_6e74721d3e1b,0,0,0,True,True,True
T_f087c067327b,0,0,0,True,True,True
T_c8474faa9e6f,0,0,0,True,True,True
T_0eb013cf9348,0,0,0,True,True,True
T_86f216f1c6f0,0,0,0,True,True,True
T_61c1bc13e253,0,0,0,True,True,True
T_13500c580667,0,0,0,True,True,True
T_a8cbcdbe34cd,0,0,0,True,True,True
T_fae7312f7fad,0,0,0,True,True,True
T_607069ad101f,0,0,0,True,True,True
T_7fb42ebc814a,0,0,0,True,True,True
T_9f420bb835c1,0,0,0,True,True,True
T_68f6885b6d61,0,0,0,True,True,True
T_71e53e8fc3e1,1,1,1,True,True,True
T_75dda2e60ce4,0,0,0,True,True,True
T_94f757d5c5a9,0,0,0,True,True,True
T_4ec628995f6b,0,0,0,True,True,True
T_321ac5deb69d,0,0,0,True,True,True
T_2a4bb515a5cd,0,0,0,True,True,True
T_4b00a98045a1,0,0,0,True,True,True
T_f22804f47d5e,0,0,0,True,True,True
T_6392365d9a25,0,0,0,True,True,True
T_2970838a1948,0,0,0,True,True,True
T_c5de4056c366,0,0,0,True,True,True
T_719d063e6df9,0,0,0,True,True,True
T_2656fb9361a3,0,0,0,True,True,True
T_a0453f202b28,0,0,0,True,True,True
T_89a77cf8f83f,0,0,0,True,True,True
T_488037ed0f56,0,0,0,True,True,True
T_c024fefaed24,0,0,0,True,True,True
T_b5b1a8ba9596,0,0,0,True,True,True
T_4fa7d78414f5,0,0,0,True,True,True
T_b9822141d394,0,0,0,True,True,True
T_150d1183bed8,0,0,0,True,True,True
T_c6140147bd5e,0,0,0,True,True,True
T_64b1d4162c3e,0,0,0,True,True,True
T_c3fdd14fa67d,0,0,0,True,True,True
T_6083f7583290,0,0,0,True,True,True
T_ce5f71c3bfdd,0,0,0,True,True,True
T_9677512cf700,0,0,0,True,True,True
T_f8005927bb12,0,0,0,True,True,True
T_72c0ddb252e1,0,0,0,True,True,True
T_310813b170cc,0,0,0,True,True,True
T_04d62746acfb,0,0,0,True,True,True
T_2a1747d8a09c,0,0,0,True,True,True
T_d544227c4c41,0,0,0,True,True,True
T_1e98a5267d36,0,0,0,True,True,True
T_cb32b6aa70f4,0,0,0,True,True,True
T_b994ffab63d7,0,0,0,True,True,True
T_22db63a9c300,0,0,0,True,True,True
T_497464e1eb1c,0,0,0,True,True,True
T_4dfa7b333f6e,0,0,0,True,True,True
T_73025cf52667,0,0,0,True,True,True
T_c7b052740322,0,0,0,True,True,True
T_9de7efdfae41,0,0,0,True,True,True
T_46aaf3dbca6b,0,0,0,True,True,True
T_6932b051cdd1,0,0,0,True,True,True
T_41faafad7e99,0,0,0,True,True,True
T_fab0fdfbc416,0,0,0,True,True,True
T_b1335ba59008,0,0,0,True,True,True
T_eef705014b3b,0,0,0,True,True,True
T_efe065827234,0,0,0,True,True,True
T_956f9766e391,0,0,0,True,True,True
T_107d36374e11,0,0,0,True,True,True
T_aebd17438a9e,0,0,0,True,True,True
T_399e19ba814c,0,0,0,True,True,True
T_07a9ac2e3f20,0,0,0,True,True,True
T_c4d34e8c3b0b,0,0,0,True,True,True
T_e458c94ecc5f,0,0,0,True,True,True
T_e53c722e214e,0,0,0,True,True,True
T_ded58d7cc440,1,1,1,True,True,True
T_ed9e168d7694,1,1,1,True,True,True
T_9cf3aecaa4c6,0,0,0,True,True,True
T_eb4113e3241c,0,0,0,True,True,True
T_e830b5647478,1,1,1,True,True,True
T_446e2f45052e,1,1,1,True,True,True
T_229fa6f1d97e,1,1,1,True,True,True
T_f308cdcf062e,0,0,0,True,True,True
T_160763e66efe,0,0,0,True,True,True
T_ee16cc9c9cfd,0,0,0,True,True,True
T_52816edef218,1,1,1,True,True,True
T_4322f8207b0b,1,1,1,True,True,True
T_f8b81001011c,0,0,0,True,True,True
T_18701638d7f2,0,0,0,True,True,True
T_a9ebbd803fc4,0,0,0,True,True,True
T_637b9cf0e836,0,0,0,True,True,True
T_86c1bf44ed99,1,1,1,True,True,True
T_b4b0077a11c5,0,0,0,True,True,True
T_cfd215694eb0,0,0,0,True,True,True
T_663fed7c188d,0,0,0,True,True,True
T_13d7d445a3c4,1,1,1,True,True,True
T_5f0ee7cd3b9a,0,0,0,True,True,True
T_2c44c75c151f,0,0,0,True,True,True
T_5275c0d9ddd4,0,0,0,True,True,True
T_fdfce1fe57d4,0,0,0,True,True,True
T_d202de9f1dbe,1,1,1,True,True,True
T_29821efd3598,0,0,0,True,True,True
T_04e3bd0e7267,0,0,0,True,True,True
T_99719ab1f1eb,0,0,0,True,True,True
T_eb6cc17606e8,0,0,0,True,True,True
T_a18a8c021309,0,0,0,True,True,True
T_bf51ddd9c3a0,0,0,0,True,True,True
T_449b3734afb6,0,0,0,True,True,True
T_157bc6a837ed,0,0,0,True,True,True
T_9939fc2286c1,0,0,0,True,True,True
T_0262e9c11942,0,0,0,True,True,True
T_cfa0a566a49e,1,1,1,True,True,True
T_4e84a0a185d8,0,0,0,True,True,True
T_dd6a0e2f00df,0,0,0,True,True,True
T_e9727209b253,0,0,0,True,True,True
T_7d0b4b3516b9,1,1,1,True,True,True
T_aae07ad15a90,0,0,0,True,True,True
T_898f4d92a782,0,0,0,True,True,True
T_ffdb571fdfd9,0,0,0,True,True,True
T_fde1f8bd5271,0,0,0,True,True,True
T_bc2bc77fc56e,0,1,0,False,True,False
T_9f245fea1020,0,0,0,True,True,True
T_4b984caa4199,0,0,0,True,True,True
T_65f11d0b5908,0,0,0,True,True,True
T_f5a6b6aa3e9b,0,0,0,True,True,True
T_fc1b3c93f314,0,0,0,True,True,True
T_1d4c5fb16ed3,0,0,0,True,True,True
T_a97bcdd14000,0,0,0,True,True,True
T_3e8cb6d60ed9,0,0,0,True,True,True
T_4d698e3e6649,0,0,0,True,True,True
T_0f3a3fd1558c,0,0,0,True,True,True
T_c333a7d4893e,0,0,0,True,True,True
T_6ddc08aa480c,0,0,0,True,True,True
T_d77ea670d1df,0,0,0,True,True,True
T_1a4a521a5888,0,0,0,True,True,True
T_72bf7cb00182,0,0,0,True,True,True
T_6206c14c56df,0,0,0,True,True,True
T_573cd49a93eb,0,0,0,True,True,True
T_a082a7c1d907,0,0,0,True,True,True
T_044f80bbda87,0,0,0,True,True,True
T_ba7fffccaa48,0,0,0,True,True,True
T_1682626191ee,0,0,0,True,True,True
T_e3839e756e33,0,0,0,True,True,True
T_fded1cef06a2,0,0,0,True,True,True
T_7e497aef3daa,0,0,0,True,True,True
T_84126bfebcf8,0,0,0,True,True,True
T_3f1f0f2feac0,0,0,0,True,True,True
T_d2894ea183b5,0,0,0,True,True,True
T_0e51d47c5d72,1,1,1,True,True,True
T_dbaa56f19f0c,0,0,0,True,True,True
T_ea993dc5ec7a,0,0,0,True,True,True
T_6bee13a8b1e4,0,0,0,True,True,True
T_085f9407c530,0,0,0,True,True,True
T_273589704f32,0,0,0,True,True,True
T_cb553fcd5ed5,0,0,0,True,True,True
T_dc30c63c25d0,0,0,0,True,True,True
T_dd872c2e9350,0,0,0,True,True,True
T_1b32c400be7c,1,1,1,True,True,True
T_58b00bf8b821,0,0,0,True,True,True
T_a3478ac48830,0,0,0,True,True,True
T_d5fb4e844bb5,0,1,0,False,True,False
T_ad7e5e096969,0,0,0,True,True,True
T_2a55df89cc45,0,0,0,True,True,True
T_e632baf9d3fb,0,0,0,True,True,True
T_9611652aec4e,0,0,0,True,True,True
T_867de0b50fa0,0,0,0,True,True,True
T_56693368f2ed,0,0,0,True,True,True
T_994523eff0ff,0,0,0,True,True,True
T_40b39315782f,1,1,1,True,True,True
T_c18d8147f893,0,0,0,True,True,True
T_af4ac9de4dd8,0,0,0,True,True,True
T_01c3071aa5c1,0,0,0,True,True,True
T_a8bb1d657db2,0,0,0,True,True,True
T_5fea6abc23b7,0,0,0,True,True,True
T_2b8e1723672c,0,0,0,True,True,True
T_a1be74a6ad82,0,0,0,True,True,True
T_fdf155c8b88a,0,0,0,True,True,True
T_08b0c5f9be70,0,0,0,True,True,True
T_a7b48362e833,0,0,0,True,True,True
T_fbc8803fe53d,0,0,0,True,True,True
T_ab871c3fbb42,0,0,0,True,True,True
T_3a9031be45ce,1,1,0,True,False,False
T_03cda51641ff,0,0,0,True,True,True
T_b19119ae7201,0,0,0,True,True,True
T_7956e56fbc33,0,0,0,True,True,True
T_e2d316ce4986,0,0,0,True,True,True
T_40dd4caef460,0,0,0,True,True,True
T_c2fdc645192c,0,0,0,True,True,True
T_b81a54ba2ed9,0,0,0,True,True,True
T_85f485f79b17,1,1,1,True,True,True
T_9dbb103dee95,0,0,0,True,True,True
T_d3c2852cca99,0,0,0,True,True,True
T_72f5adbd4ece,0,0,0,True,True,True
T_5c4a3afec423,0,0,0,True,True,True
T_9d34cde69f30,0,0,0,True,True,True
T_a39d4b8ab431,0,0,0,True,True,True
T_3a583f8b0262,0,0,0,True,True,True
T_c4a241c465e5,0,0,0,True,True,True
T_6c44e1ff4cb3,0,0,0,True,True,True
T_4f11a107bb30,0,0,0,True,True,True
T_8fd2b246ac4a,0,0,0,True,True,True
T_a23622cc8fb0,0,0,0,True,True,True
T_4379c650003e,0,0,0,True,True,True
T_5d734b90f1b4,0,0,0,True,True,True
T_3af755742fb4,0,0,0,True,True,True
T_c99175b08f4b,0,0,0,True,True,True
T_73123aa839ec,0,0,0,True,True,True
T_f8dbc35b1d07,0,0,0,True,True,True
T_1c6480f5c240,0,0,0,True,True,True
T_33b44278f772,1,1,1,True,True,True
T_0e80530815b5,0,0,0,True,True,True
T_422c310456a3,0,0,0,True,True,True
T_157a0cb781e6,0,0,0,True,True,True
T_83bd3fdb96da,1,1,1,True,True,True
T_91c015fc2177,0,0,0,True,True,True
T_52f29a7cfc25,0,0,0,True,True,True
T_b55f8a06b816,1,1,1,True,True,True
T_dec4df9debcd,0,0,0,True,True,True
T_535e45636f0e,0,0,0,True,True,True
T_6436b2d055b5,1,1,1,True,True,True
T_9a4d27541089,1,1,1,True,True,True
T_a06a176d61e1,0,0,0,True,True,True
T_178b771bf525,0,0,0,True,True,True
T_6d2be9342667,0,0,0,True,True,True
T_70488b3ca0e9,1,1,1,True,True,True
T_d76895da8d67,0,0,0,True,True,True
T_bc43a8636cb0,0,0,0,True,True,True
T_43ff613bb35c,0,0,0,True,True,True
T_4ce9ad1a388b,0,0,0,True,True,True
T_e52ae798e542,0,0,0,True,True,True
T_c1bcd1511c02,0,0,0,True,True,True
T_aa0a1f12964e,0,0,0,True,True,True
